# Finnish names taken from https://github.com/fzaninotto/Faker/tree/master/src/Faker/Provider/fi_FI
# By https://github.com/drodil
fi: 
  faker: 
    address: 
      city_prefix: 
        - Pohjois
        - Etelä
        - Itä
        - Länsi
        - Uusi
        - Uus
      city_suffix: 
        - kylä
        - niemi
        - järvi
        - joki
        - lampi
        - mäki
        - vesi
        - niemi
        - harju
        - lahti
        - harju
        - salmi
        - koski
        - pudas
        - saari
      country: 
        - Afganistan
        - Alankomaat
        - Albania
        - Algeria
        - Andorra
        - Angola
        - Antigua ja Barbuda
        - Argentiina
        - Armenia
        - Australia
        - Azerbaidẑan
        - Bahama
        - Bahrain
        - Bangladesh
        - Barbados
        - Belgia
        - Belize
        - Benin
        - Bhutan
        - Bolivia
        - Bosnia ja Hertsegovina
        - Botswana
        - Brasilia
        - Brunel
        - Bulgaria
        - Burkina Faso
        - Burundi
        - Chile
        - Costa Rica
        - Djibouti
        - Dominica
        - Dominikaaninen tasavalta
        - Ecuador
        - Egypti
        - El Salvador
        - Eritrea
        - Espanja
        - Etelä-Afrikka
        - Etelä-Korea
        - Etelä-Sudan
        - Etiopia
        - Fidẑi
        - Filippiinit
        - Gabon
        - Gambia
        - Georgia
        - Ghana
        - Grenada
        - Guatemala
        - Guinea-Bissau
        - Guinea
        - Guyana
        - Haiti
        - Honduras
        - Indonesia
        - Intia
        - Irak
        - Iran
        - Irlanti
        - Islanti
        - Israel
        - Italia
        - Itä-Timor
        - Itävalta
        - Jamaika
        - Japani
        - Jemen
        - Jordania
        - Kambodẑa
        - Kamerun
        - Kanada
        - Kap Verde
        - Kazakstan
        - Kenia
        - Keski-Afrikan tasavalta
        - Kiina
        - Kirgisia
        - Kiribati
        - Kolumbia
        - Komorit
        - Kongon demokraattinen tasavalta
        - Kongon tasavalta
        - Kosovo
        - Kreikka
        - Kroatia
        - Kuuba
        - Kuwait
        - Kypros
        - Laos
        - Latvia
        - Lesotho
        - Libanon
        - Liberai
        - Libya
        - Lichtenstein
        - Liettua
        - Luxemburg
        - Madagaskar
        - Makedonia
        - Malawi
        - Malediivit
        - Malesia
        - Mali
        - Malta
        - Marokko
        - Marshallinsaaret
        - Mauritania
        - Mauritius
        - Meksiko
        - Mikronesia
        - Moldova
        - Monaco
        - Mongolia
        - Montenegro
        - Mosambik
        - Myanmar
        - Namibia
        - Nauru
        - Nepal
        - Nicaragua
        - Nigeria
        - Niger
        - Norja
        - Norsunluurannikko
        - Oman
        - Pakistan
        - Palau
        - Panama
        - Papua-Uusi-Guinea
        - Paraguay
        - Peru
        - Pohjois-Korea
        - Portugali
        - Puola
        - Päiväntasaajan Guinea
        - Qatar
        - Ranska
        - Romania
        - Ruanda
        - Ruotsi
        - Saint Kitts ja Nevis
        - Saint Lucia
        - Saint Vincent ja Grenadiinit
        - Saksa
        - Salomonsaaret
        - Sambia
        - Samoa
        - San Marino
        - São Tomé ja Príncipe
        - Saudi-Arabia
        - Senegal
        - Serbia
        - Seychellit
        - Sierra Leone
        - Singapore
        - Slovakia
        - Somalia
        - Sri Lanka
        - Sudan
        - Suomi
        - Suriname
        - Swazimaa
        - Sveitsi
        - Syyria
        - Tadẑikistan
        - Tansania
        - Tanska
        - Thaimaa
        - Togo
        - Tonga
        - Trinidad ja Tobago
        - Tšad
        - Tšekki
        - Tunisia
        - Turkki
        - Turkmenistan
        - Tuvalu
        - Uganda
        - Ukraina
        - Unkari
        - Uruguay
        - Uusi-Seelanti
        - Uzbekistan
        - Valko-Venäjä
        - Vanuatu
        - Vatikaanivaltio
        - Venzuela
        - Venäjä
        - Vietnam
        - Viro
        - Yhdistyneet Arabiemiirikunnat
        - Yhdistynyt kuningaskunta
        - Yhdysvallat
        - Zimbabwe
      street_name_formats: 
        - 
          - :first_name
          - :street_suffix
        - 
          - :last_name
          - :street_suffix
      street_name_joiner: ""
      postcode: 
        - "#####"
      secondary_address: 
        - "as ##"
      # Actually provinces
      state: 
        - Ahvenanmaa
        - Etelä-Karjala
        - Etelä-Pohjanmaa
        - Etelä-Savo
        - Kainuu
        - Kanta-Häme
        - Keski-Pohjanmaa
        - Keski-Suomi
        - Kymenlaakso
        - Lappi
        - Pirkanmaa
        - Pohjanmaa
        - Pohjois-Karjala
        - Pohjois-Pohjanmaa
        - Pohjois-Savo
        - Päijät-Häme
        - Satakunta
        - Uusimaa
        - Varsinais-Suomi
      # Not official
      state_abbr: 
        - Ahv.
        - EK
        - EP
        - ES
        - Kain.
        - KH
        - KP
        - KS
        - KL
        - Lap.
        - Pirk.
        - Pohj.
        - PK
        - P-Pohj.
        - PS
        - Päij.-H.
        - SK
        - Uusim.
        - VS
      time_zone: [Pacific/Midway, Pacific/Pago_Pago, Pacific/Honolulu, America/Juneau, America/Los_Angeles, America/Tijuana, America/Denver, America/Phoenix, America/Chihuahua, America/Mazatlan, America/Chicago, America/Regina, America/Mexico_City, America/Mexico_City, America/Monterrey, America/Guatemala, America/New_York, America/Indiana/Indianapolis, America/Bogota, America/Lima, America/Lima, America/Halifax, America/Caracas, America/La_Paz, America/Santiago, America/St_Johns, America/Sao_Paulo, America/Argentina/Buenos_Aires, America/Guyana, America/Godthab, Atlantic/South_Georgia, Atlantic/Azores, Atlantic/Cape_Verde, Europe/Dublin, Europe/London, Europe/Lisbon, Europe/London, Africa/Casablanca, Africa/Monrovia, Etc/UTC, Europe/Belgrade, Europe/Bratislava, Europe/Budapest, Europe/Ljubljana, Europe/Prague, Europe/Sarajevo, Europe/Skopje, Europe/Warsaw, Europe/Zagreb, Europe/Brussels, Europe/Copenhagen, Europe/Madrid, Europe/Paris, Europe/Amsterdam, Europe/Berlin, Europe/Berlin, Europe/Rome, Europe/Stockholm, Europe/Vienna, Africa/Algiers, Europe/Bucharest, Africa/Cairo, Europe/Helsinki, Europe/Kiev, Europe/Riga, Europe/Sofia, Europe/Tallinn, Europe/Vilnius, Europe/Athens, Europe/Istanbul, Europe/Minsk, Asia/Jerusalem, Africa/Harare, Africa/Johannesburg, Europe/Moscow, Europe/Moscow, Europe/Moscow, Asia/Kuwait, Asia/Riyadh, Africa/Nairobi, Asia/Baghdad, Asia/Tehran, Asia/Muscat, Asia/Muscat, Asia/Baku, Asia/Tbilisi, Asia/Yerevan, Asia/Kabul, Asia/Yekaterinburg, Asia/Karachi, Asia/Karachi, Asia/Tashkent, Asia/Kolkata, Asia/Kolkata, Asia/Kolkata, Asia/Kolkata, Asia/Kathmandu, Asia/Dhaka, Asia/Dhaka, Asia/Colombo, Asia/Almaty, Asia/Novosibirsk, Asia/Rangoon, Asia/Bangkok, Asia/Bangkok, Asia/Jakarta, Asia/Krasnoyarsk, Asia/Shanghai, Asia/Chongqing, Asia/Hong_Kong, Asia/Urumqi, Asia/Kuala_Lumpur, Asia/Singapore, Asia/Taipei, Australia/Perth, Asia/Irkutsk, Asia/Ulaanbaatar, Asia/Seoul, Asia/Tokyo, Asia/Tokyo, Asia/Tokyo, Asia/Yakutsk, Australia/Darwin, Australia/Adelaide, Australia/Melbourne, Australia/Melbourne, Australia/Sydney, Australia/Brisbane, Australia/Hobart, Asia/Vladivostok, Pacific/Guam, Pacific/Port_Moresby, Asia/Magadan, Asia/Magadan, Pacific/Noumea, Pacific/Fiji, Asia/Kamchatka, Pacific/Majuro, Pacific/Auckland, Pacific/Auckland, Pacific/Tongatapu, Pacific/Fakaofo, Pacific/Apia]
      street_address: 
        - "####"
        - "###"
        - "##"
        - "#"
        - "#"
      street_formats: 
        - 
          - :street_name
          - :street_address_number
      street_suffix: 
        - tie
        - kuja
        - polku
        - kierros
        - kulma
        - katu
        - kaarre
        - kaari
        - rinne
        - kaarto
        - haka
        - silta
        - rinne
        - töyry
    company: 
      suffix: 
        - oy
        - oyj
        - ky
        - ay
    internet: 
      domain_suffix: 
        - fi
        - com
        - biz
        - info
        - name
        - net
        - org
      free_email: 
        - gmail.com
        - yahoo.com
        - hotmail.com
    lorem: 
      words: 
        - alias
        - consequatur
        - aut
        - perferendis
        - sit
        - voluptatem
        - accusantium
        - doloremque
        - aperiam
        - eaque
        - ipsa
        - quae
        - ab
        - illo
        - inventore
        - veritatis
        - et
        - quasi
        - architecto
        - beatae
        - vitae
        - dicta
        - sunt
        - explicabo
        - aspernatur
        - aut
        - odit
        - aut
        - fugit
        - sed
        - quia
        - consequuntur
        - magni
        - dolores
        - eos
        - qui
        - ratione
        - voluptatem
        - sequi
        - nesciunt
        - neque
        - dolorem
        - ipsum
        - quia
        - dolor
        - sit
        - amet
        - consectetur
        - adipisci
        - velit
        - sed
        - quia
        - non
        - numquam
        - eius
        - modi
        - tempora
        - incidunt
        - ut
        - labore
        - et
        - dolore
        - magnam
        - aliquam
        - quaerat
        - voluptatem
        - ut
        - enim
        - ad
        - minima
        - veniam
        - quis
        - nostrum
        - exercitationem
        - ullam
        - corporis
        - nemo
        - enim
        - ipsam
        - voluptatem
        - quia
        - voluptas
        - sit
        - suscipit
        - laboriosam
        - nisi
        - ut
        - aliquid
        - ex
        - ea
        - commodi
        - consequatur
        - quis
        - autem
        - vel
        - eum
        - iure
        - reprehenderit
        - qui
        - in
        - ea
        - voluptate
        - velit
        - esse
        - quam
        - nihil
        - molestiae
        - et
        - iusto
        - odio
        - dignissimos
        - ducimus
        - qui
        - blanditiis
        - praesentium
        - laudantium
        - totam
        - rem
        - voluptatum
        - deleniti
        - atque
        - corrupti
        - quos
        - dolores
        - et
        - quas
        - molestias
        - excepturi
        - sint
        - occaecati
        - cupiditate
        - non
        - provident
        - sed
        - ut
        - perspiciatis
        - unde
        - omnis
        - iste
        - natus
        - error
        - similique
        - sunt
        - in
        - culpa
        - qui
        - officia
        - deserunt
        - mollitia
        - animi
        - id
        - est
        - laborum
        - et
        - dolorum
        - fuga
        - et
        - harum
        - quidem
        - rerum
        - facilis
        - est
        - et
        - expedita
        - distinctio
        - nam
        - libero
        - tempore
        - cum
        - soluta
        - nobis
        - est
        - eligendi
        - optio
        - cumque
        - nihil
        - impedit
        - quo
        - porro
        - quisquam
        - est
        - qui
        - minus
        - id
        - quod
        - maxime
        - placeat
        - facere
        - possimus
        - omnis
        - voluptas
        - assumenda
        - est
        - omnis
        - dolor
        - repellendus
        - temporibus
        - autem
        - quibusdam
        - et
        - aut
        - consequatur
        - vel
        - illum
        - qui
        - dolorem
        - eum
        - fugiat
        - quo
        - voluptas
        - nulla
        - pariatur
        - at
        - vero
        - eos
        - et
        - accusamus
        - officiis
        - debitis
        - aut
        - rerum
        - necessitatibus
        - saepe
        - eveniet
        - ut
        - et
        - voluptates
        - repudiandae
        - sint
        - et
        - molestiae
        - non
        - recusandae
        - itaque
        - earum
        - rerum
        - hic
        - tenetur
        - a
        - sapiente
        - delectus
        - ut
        - aut
        - reiciendis
        - voluptatibus
        - maiores
        - doloribus
        - asperiores
        - repellat
    name: 
      first_name: 
        - Aada
        - Aamu
        - Ada
        - Aina
        - Aino
        - Aliina
        - Aliisa
        - Amanda
        - Amalia
        - Amelia
        - Amira
        - Anissa
        - Anna
        - Anne
        - Anni
        - Anniina
        - Annilotta
        - Annu
        - Aune
        - Asta
        - Aura
        - Aurora
        - Aake
        - Aapeli
        - Aapo
        - Aappo
        - Aarni
        - Aaro
        - Aatto
        - Aatu
        - Aki
        - Akseli
        - Aku
        - Aleksi
        - Anssi
        - Antti
        - Antton
        - Ari
        - Arttu
        - Artturi
        - Atte
        - Anita
        - Anu
        - Antero
        - Atte
        - Beeda
        - Briitta
        - Bella
        - Cara
        - Celina
        - Christa
        - Clara
        - Christel
        - Cornelia
        - Daniel
        - Dani
        - Eeli
        - Eelis
        - Eemeli
        - Eero
        - Eetu
        - Ekku
        - Elias
        - Eljas
        - Esa
        - Elmo
        - Emil
        - Eerika
        - Eeva
        - Eevi
        - Elea
        - Eliina
        - Elina
        - Elisa
        - Elise
        - Ella
        - Ellen
        - Elviira
        - Emma
        - Emmaliina
        - Emmi
        - Emilia
        - Enna
        - Enni
        - Ennika
        - Eveliina
        - Eva
        - Eija
        - Elma
        - Erja
        - Essi
        - Erkki
        - Erkko
        - Fanni
        - Fiona
        - Hampus
        - Hannu
        - Harri
        - Heikki
        - Henri
        - Hermanni
        - Hanna
        - Helinä
        - Helmi
        - Helmiina
        - Henna
        - Henniina
        - Hertta
        - Hilda
        - Hilja
        - Hilla
        - Hilma
        - Hilppa
        - Heli
        - Heidi
        - Iia
        - Iida
        - Iina
        - Iiris
        - Iita
        - Ilona
        - Inka
        - Inkeri
        - Inna
        - Isabella
        - Iiro
        - Ilja
        - Ilmari
        - Isto
        - Jaakko
        - Jake
        - Jami
        - Jani
        - Janne
        - Jarno
        - Jere
        - Jermia
        - Jeremy
        - Jesper
        - Jesse
        - Jimi
        - Jirko
        - Joel
        - Joakim
        - Joni
        - Jooa
        - Joona
        - Joonas
        - Joonatan
        - Juho
        - Jore
        - Juha
        - Jukka
        - Julius
        - Junnu
        - Justus
        - Jusu
        - Juuso
        - Jade
        - Jadessa
        - Janette
        - Janika
        - Janina
        - Janita
        - Janna
        - Janni
        - Jasmiina
        - Jemina
        - Jenna
        - Jenika
        - Jenni
        - Jessica
        - Johanna
        - Jonna
        - Julia
        - Juttamari
        - Juulia
        - Jari
        - Jussi
        - Kaisla
        - Karla
        - Kaste
        - Katri
        - Kati
        - Kia
        - Kalle
        - Karri
        - Kasperi
        - Kauto
        - Kimi
        - Konsta
        - Kristian
        - Kaija
        - Kaisu
        - Katja
        - Kirsi
        - Krista
        - Lari
        - Lassi
        - Lauri
        - Leevi
        - Leo
        - Levin
        - Luca
        - Lukas
        - Luukas
        - Laura
        - Lila
        - Linnea
        - Lotta
        - Loviisa
        - Lumina
        - Lea
        - Maia
        - Maija
        - Maiju
        - Maisa
        - Malla
        - Mari
        - Maria
        - Martta
        - Matleena
        - Meeri
        - Meri
        - Mette
        - Mia
        - Minna
        - Miina
        - Milla
        - Mimi
        - Mimmu
        - Mimosa
        - Minea
        - Minttu
        - Mira
        - Mirella
        - Magnus
        - Markus
        - Matias
        - Matti
        - Miika
        - Mika
        - Mikael
        - Miska
        - Maarit
        - Mirva
        - Marko
        - Mikko
        - Neo
        - Niklas
        - Niko
        - Nico
        - Nuutti
        - Nea
        - Neea
        - Nella
        - Nelli
        - Nia
        - Niina
        - Ninni
        - Noora
        - Nadja
        - Natalia
        - Oliivia
        - Olivia
        - Oona
        - Oliver
        - Onni
        - Oskari
        - Ossi
        - Otto
        - Olga
        - Outi
        - Osmo
        - Paavo
        - Patrik
        - Paulus
        - Peetu
        - Pekko
        - Pyry
        - Pauliina
        - Peppi
        - Petra
        - Pihla
        - Piia
        - Pinja
        - Pirkko
        - Paula
        - Pia
        - Päivi
        - Pasi
        - Pekka
        - Petteri
        - Petri
        - Pertti
        - Riia
        - Riikka
        - Riina
        - Ronja
        - Roosa
        - Rami
        - Rasmus
        - Riku
        - Roni
        - Roope
        - Reetta
        - Reeta
        - Ritva
        - Risto
        - Saku
        - Sami
        - Sampo
        - Samu
        - Samuel
        - Samuli
        - Santeri
        - Santtu
        - Simo
        - Sisu
        - Sanna
        - Sari
        - Satu
        - Sirpa
        - Susanna
        - Seija
        - Siru
        - Sauli
        - Taneli
        - Teemu
        - Teppo
        - Tero
        - Tommi
        - Tomi
        - Topi
        - Tuomas
        - Tuomo
        - Touko
        - Tuukka
        - Taika
        - Taru
        - Tara
        - Tiia
        - Tiiu
        - Tinja
        - Tanja
        - Terhi
        - Tiina
        - Tea
        - Tatu
        - Teijo
        - Timo
        - Tuukka
        - Unto
        - Urho
        - Veera
        - Venla
        - Viivi
        - Vilja
        - Vilma
        - Valtteri
        - Veeti
        - Veikko
        - Veli
        - Vilho
        - Vili
        - Viljo
        - Ville
        - Wiljami
        - Werneri
        - Wilma
      formats: 
        - 
          - :first_name
          - :last_name
      last_name: 
        - Aakula
        - Aalto
        - Aaltonen
        - Aarnio
        - Aaronen
        - Aavikkola
        - Ahmala
        - Aho
        - Ahokas
        - Ahola
        - Ahomaa
        - Ahonen
        - Ahoniemi
        - Ahopelto
        - Ahovaara
        - Ahtila
        - Ahtiluoto
        - Ahtio
        - Ahtisaari
        - Ahto
        - Ahtola
        - Ahtonen
        - Ahtorinne
        - Aija
        - Aijala
        - Ainola
        - Aitio
        - Aitolahti
        - Aitomaa
        - Aittasalmi
        - Akkala
        - Akkanen
        - Alahuhta
        - Alajoki
        - Alajärvi
        - Alanen
        - Alatalo
        - Alasalmi
        - Alapuro
        - Alhola
        - Alijoki
        - Ankkala
        - Ankkuri
        - Annala
        - Annunen
        - Anttila
        - Anttinen
        - Anttonen
        - Ara
        - Arhila
        - Arhinmäki
        - Arhosuo
        - Arinen
        - Arjamaa
        - Arjanen
        - Arkkila
        - Armio
        - Arnio
        - Aronen
        - Arosuo
        - Arponen
        - Arvola
        - Asikainen
        - Astala
        - Attila
        - Aunela
        - Aura
        - Auramies
        - Auranen
        - Autio
        - Auvinen
        - Auvola
        - Avonius
        - Avotie
        - Bräysy
        - Davidsainen
        - Dufva
        - Eerikäinen
        - Eerola
        - Einel
        - Eino
        - Einola
        - Einonen
        - Ekman
        - Ekola
        - Ellilä
        - Ellinen
        - Elomaa
        - Eloharju
        - Eloranta
        - Eno
        - Enola
        - Enäjärvi
        - Erkinjuntti
        - Erkkilä
        - Erkkinen
        - Erkko
        - Erkkola
        - Ernamo
        - Erola
        - Eronen
        - Ervola
        - Eräharju
        - Erämaja
        - Eränen
        - Eskelinen
        - Eskelä
        - Eskola
        - Evelä
        - Evilä
        - Filppula
        - Finni
        - Frändilä
        - Fränti
        - Haahka
        - Haahkola
        - Haanpää
        - Haapakorpi
        - Haapala
        - Haapanen
        - Haaparanta
        - Haapasalmi
        - Haapasalo
        - Haapkylä
        - Haapoja
        - Haataja
        - Haavisto
        - Haikala
        - Haikara
        - Hakala
        - Hakkarainen
        - Hakki
        - Hakula
        - Halinen
        - Halkola
        - Halkonen
        - Halla
        - Hallaper
        - Hallapuro
        - Hallikainen
        - Hallila
        - Hallonen
        - Halme
        - Halmela
        - Halmelahti
        - Halonen
        - Halttunen
        - Hammas
        - Hanhela
        - Hanhinen
        - Hannula
        - Hannunen
        - Hapola
        - Harjamäki
        - Harju
        - Harjula
        - Harjunpää
        - Harkimo
        - Hautakangas
        - Hautakoski
        - Hautala
        - Hautamäki
        - Haverinen
        - Havukoski
        - Heikkilä
        - Heikkinen
        - Heimola
        - Heinälä
        - Heiskanen
        - Heiskari
        - Helenius
        - Helinen
        - Helismaa
        - Helmel
        - Helovirta
        - Helppolainen
        - Helstel
        - Hellgren
        - Hentinen
        - Hento
        - Hepomäki
        - Heponen
        - Herranen
        - Hervanta
        - Hervanto
        - Hekkaharju
        - Hiesu
        - Hietala
        - Hietanen
        - Hiltunen
        - Heintikainen
        - Hirvelä
        - Hirvi
        - Hirvikangas
        - Hirvonen
        - Hoikkala
        - Hoikkanen
        - Holappa
        - Holkeri
        - Hongisto
        - Honkanen
        - Hovi
        - Huhta
        - Huhtala
        - Hukkala
        - Huopainen
        - Huotari
        - Huovinen
        - Huttunen
        - Huuhka
        - Huurinainen
        - Huusko
        - Huvinen
        - Hyppölä
        - Hyppönen
        - Hytölä
        - Hyypiä
        - Hyyppä
        - Häkkinen
        - Häkämies
        - Hämäläinen
        - Hänninen
        - Härkönen
        - Ihalainen
        - Ikola
        - Ikonen
        - Ilmarinen
        - Ilomäki
        - Iloniemi
        - Ilvesniemi
        - Immonen
        - Inkeri
        - Inkinen
        - Isoluoma
        - Isomäki
        - Isotalo
        - Itkonen
        - Itävaara
        - Itävuori
        - Jaakkola
        - Jaakkonen
        - Jaakonmaa
        - Jaatinen
        - Jakkila
        - Jalonen
        - Jauhiainen
        - Jauho
        - Joenhaara
        - Johto
        - Jokelainen
        - Jokihaara
        - Jokimies
        - Jokinen
        - Jortikka
        - Joru
        - Junkkari
        - Juntti
        - Juppi
        - Jurva
        - Jurvala
        - Jurvanen
        - Jussila
        - Juustinen
        - Juuti
        - Juvanen
        - Juvonen
        - Jylhä
        - Jänis
        - Jäppinen
        - Järvelä
        - Jääskeläinen
        - Kaakko
        - Kaikkonen
        - Kainulainen
        - Kaista
        - Kaivola
        - Kakkola
        - Kakkonen
        - Kalinainen
        - Kalkkinen
        - Kalliala
        - Kallio
        - Kaillomäki
        - Kalmo
        - Kalvo
        - Kamari
        - Kamppinen
        - Kanala
        - Kangaskorte
        - Kangassalo
        - Kannelmaa
        - Kannelmäki
        - Kantele
        - Kantola
        - Kapanen
        - Karalahti
        - Karhu
        - Karjalainen
        - Karpela
        - Karppinen
        - Karukoski
        - Karvonen
        - Katainen
        - Kataja
        - Kauhala
        - Kaukovaara
        - Kauppala
        - Kauppinen
        - Kaurismäki
        - Kekkonen
        - Kerava
        - Kerttula
        - Keskinen
        - Keskioja
        - Ketola
        - Ketonen
        - Kettula
        - Kieli
        - Kiianen
        - Kiille
        - Kimalainen
        - Kiiski
        - Kinnula
        - Kinnunen
        - Kiskonen
        - Kissala
        - Kivi
        - Kiviniemi
        - Kivistö
        - Koirala
        - Koivisto
        - Koivula
        - Koivulehto
        - Koivuniemi
        - Kokkonen
        - Kolehmainen
        - Komulainen
        - Konttinen
        - Kontunen
        - Korhonen
        - Koriseva
        - Kortesjärvi
        - Koskela
        - Koskelainen
        - Kosonen
        - Kotanen
        - Koukkula
        - Kouvonen
        - Kovalainen
        - Krapu
        - Krekelä
        - Kujala
        - Kujanpää
        - Kukkala
        - Kukkamäki
        - Kukkonen
        - Kultala
        - Kumpula
        - Kumpulainen
        - Kunnas
        - Kuoppala
        - Kuosmanen
        - Kurkela
        - Kurki
        - Kuusijärvi
        - Kyllönen
        - Kynsijärvi
        - Kynsilehto
        - Kärki
        - Kärkkäinen
        - Laakkola
        - Laakkonen
        - Laakso
        - Laaksonen
        - Laatikainen
        - Lahdenpää
        - Laine
        - Lainela
        - Lakka
        - Lampinen
        - Lappalainen
        - Lassinen
        - Laurila
        - Lauronen
        - Lavola
        - Lehmälä
        - Lehtimäki
        - Lehtinen
        - Lehtisalo
        - Lehto
        - Lehtonen
        - Leino
        - Lepistö
        - Lepomäki
        - Leppilampi
        - Leppäkorpi
        - Leppälä
        - Leppävirta
        - Leskinen
        - Liimatainen
        - Lind
        - Linnala
        - Linnamäki
        - Lippo
        - Litmanen
        - Litvala
        - Liukkonen
        - Loiri
        - Lukkari
        - Lumme
        - Luoma
        - Luukkonen
        - Lyly
        - Lyytikäinen
        - Lähteenmäki
        - Lämsä
        - Maahinen
        - Made
        - Maijala
        - Makkonen
        - Malmi
        - Malmivaara
        - Mannila
        - Manninen
        - Mannonen
        - Mansikka-aho
        - Mansikkaoja
        - Marila
        - Marjala
        - Marjamäki
        - Marjola
        - Marjomaa
        - Marjonen
        - Markkanen
        - Markkula
        - Markuksela
        - Markus
        - Martikainen
        - Marttinen
        - Masala
        - Masanen
        - Matomäki
        - Mattila
        - Maunula
        - Maunola
        - Melasniemi
        - Merelä
        - Merilä
        - Meriläinen
        - Merimaa
        - Metsoja
        - Metsälampi
        - Metsäoja
        - Mielonen
        - Miettinen
        - Mikkola
        - Mikkonen
        - Muhonen
        - Mujunen
        - Murola
        - Mustapää
        - Mustonen
        - Muurinen
        - Myllymäki
        - Myllypuro
        - Myllys
        - Mylläri
        - Mäenpää
        - Mäkelä
        - Mäki
        - Mäkinen
        - Mäntylä
        - Määttä
        - Möttönen
        - Naula
        - Naulapää
        - Neuvonen
        - Nevala
        - Niemelä
        - Niemi
        - Nieminen
        - Niemistö
        - Niinimaa
        - Niinistö
        - Niiranen
        - Nikkanen
        - Nikkilä
        - Nikula
        - Nikulainen
        - Niskala
        - Nisukangas
        - Niukkanen
        - Nokelainen
        - Nokkonen
        - Notkonen
        - Nousiainen
        - Nukka
        - Nummelin
        - Nuotio
        - Nurkkala
        - Nurmela
        - Nurmi
        - Nurminiemi
        - Nurminen
        - Nuutti
        - Nykänen
        - Nyman
        - Närvälä
        - Näätänen
        - Oikkonen
        - Oikonen
        - Oinonen
        - Oja
        - Ojala
        - Ojamäki
        - Ojanen
        - Ojaniemi
        - Oksala
        - Oksanen
        - Ollikainen
        - Ollila
        - Ollinen
        - Oravainen
        - Oravala
        - Otsamo
        - Outinen
        - Ovaska
        - Paajanen
        - Paakkanen
        - Paananen
        - Paasikivi
        - Paasilinna
        - Paasonen
        - Paavola
        - Pahajoki
        - Pahkasalo
        - Pajumäki
        - Pajunen
        - Pakarinen
        - Pakkala
        - Pakola
        - Pallas
        - Paloheimo
        - Palola
        - Palomäki
        - Parkkonen
        - Pekkala
        - Pekkarinen
        - Pelkonen
        - Peltomaa
        - Pennanen
        - Pennilä
        - Pentikäinen
        - Penttilä
        - Perniö
        - Pesola
        - Pesonen
        - Peuranen
        - Peuraniemi
        - Pietilä
        - Piippola
        - Piirainen
        - Pikkarainen
        - Pirttijärvi
        - Pirttikangas
        - Pitkämäki
        - Pohtamo
        - Porkkala
        - Poronen
        - Poropudas
        - Puhakainenä
        - Puhakka
        - Pukkila
        - Pulli
        - Puolakka
        - Puuperä
        - Pyykkö
        - Pyykkönen
        - Päivälä
        - Päivärinta
        - Pääkkönen
        - Pöllönen
        - Pöntinen
        - Pöysti
        - Raappana
        - Raatikainen
        - Raatila
        - Rahka
        - Rahkala
        - Raiskio
        - Raitanen
        - Raittila
        - Rajamäki
        - Ramu
        - Ranta
        - Rantamaa
        - Rapala
        - Rasila
        - Rasmus
        - Rauhala
        - Rauhanen
        - Rautaporras
        - Rautavirta
        - Rautio
        - Rehu
        - Reinikainen
        - Reinikka
        - Rekomaa
        - Repo
        - Repola
        - Riihimäki
        - Riikonen
        - Rimmanen
        - Rinne
        - Rinta
        - Rintamäki
        - Ristilä
        - Ritari
        - Rokko
        - Ronkainen
        - Roponen
        - Ruhanen
        - Rumpunen
        - Runtti
        - Ruohoniemi
        - Ruonala
        - Ruonansuu
        - Ruotsalainen
        - Ruuhonen
        - Ruuskari
        - Ruusula
        - Ruutti
        - Ryhänen
        - Ryti
        - Ryysyläinen
        - Räikkönen
        - Räisänen
        - Räsänen
        - Saanila
        - Saarela
        - Saarenheimo
        - Saari
        - Saarikivi
        - Saarnio
        - Saarnivaara
        - Saastamoinen
        - Saikkonen
        - Saksala
        - Salenius
        - Salmela
        - Salmelainen
        - Salo
        - Salolainen
        - Salonen
        - Saloranta
        - Samulin
        - Sannala
        - Santanen
        - Saraste
        - Sarasvuo
        - Saukko
        - Savioja
        - Savolainen
        - Selänne
        - Seppelin
        - Seppänen
        - Seppälä
        - Servo
        - Setänen
        - Siekkinen
        - Sievinen
        - Sihvonen
        - Siira
        - Siltonen
        - Sikala
        - Silakka
        - Sillanpää
        - Siltala
        - Silvennoinen
        - Simo
        - Simonen
        - Sinnemäki
        - Sipilä
        - Sipola
        - Sirkesalo
        - Sirviö
        - Raiski
        - Soikkeli
        - Soini
        - Sonninen
        - Soppela
        - Sorajoki
        - Sormunen
        - Sorsa
        - Suhonen
        - Suikkala
        - Summanen
        - Suomela
        - Suominen
        - Suosalo
        - Susiluoto
        - Sutinen
        - Suuronen
        - Suutarinen
        - Suvela
        - Sydänmäki
        - Syrjä
        - Syrjälä
        - Säkkinen
        - Särkkä
        - Taavettila
        - Taavila
        - Taavitsainen
        - Taipale
        - Takkala
        - Takkula
        - Tamminen
        - Tammisto
        - Tanskanen
        - Tapio
        - Tapola
        - Tarvainen
        - Taskinen
        - Tastula
        - Tauriainen
        - Tenkanen
        - Teppo
        - Tervo
        - Tervonen
        - Teräsniska
        - Tiainen
        - Tiilikainen
        - Timonen
        - Toijala
        - Toikkanen
        - Toivanen
        - Tokkola
        - Tolonen
        - Torkkeli
        - Tuisku
        - Tukiainen
        - Tulkki
        - Tuomela
        - Tuominen
        - Tuomisto
        - Tuppurainen
        - Turpeinen
        - Turunen
        - Tuutti
        - Tynkkynen
        - Typpö
        - Tyrninen
        - Törrö
        - Törrönen
        - Ukkola
        - Ulvila
        - Unhola
        - Uosukainen
        - Urhonen
        - Uronen
        - Urpalainen
        - Urpilainen
        - Utriainen
        - Uusikari
        - Uusikylä
        - Uusisalmi
        - Uusitalo
        - Vaara
        - Vahala
        - Vahanen
        - Vahvanen
        - Vainio
        - Valjakka
        - Valo
        - Valtanen
        - Vanhanen
        - Vanhoja
        - Varjus
        - Vartiainen
        - Vasala
        - Vauhkonen
        - Veijonen
        - Veini
        - Vennala
        - Vennamo
        - Vepsäläinen
        - Vesa
        - Vesuri
        - Veteläinen
        - Vierikko
        - Vihtanen
        - Viikate
        - Viinanen
        - Viinikka
        - Vilhola
        - Viljanen
        - Vilkkula
        - Vilpas
        - Virkkula
        - Virkkunen
        - Virolainen
        - Virtala
        - Voutilainen
        - Vuokko
        - Vuorenpää
        - Vuorikoski
        - Vuorinen
        - Vähälä
        - Väisälä
        - Väisänen
        - Välimaa
        - Välioja
        - Väyrynen
        - Väätänen
        - Wettenranta
        - Wiitanen
        - Wirtanen
        - Wiskari
        - Ylijälä
        - Yliannala
        - Ylijoki
        - Ylikangas
        - Ylioja
        - Ylitalo
        - Ylppö
        - Yläjoki
        - Yrjänen
        - Yrjänä
        - Yrjölä
        - Yrttiaho
        - Yömaa
        - Äijälä
        - Ämmälä
        - Änäkkälä
        - Äyräs
        - Äärynen
        - Översti
        - Öysti
        - Öörni
      prefix: 
        - Hra.
        - Rva.
        - Nti.
        - Tri.
      suffix: 
        - FM
        - HTM
        - LT
    phone_number: 
      formats: 
        - "###-###-####"
        - "(###)###-####"
    business:
          credit_card_numbers: ['1234-2121-1221-1211', '1212-1221-1121-1234', '1211-1221-1234-2201', '1228-1221-1221-1431']
          credit_card_expiry_dates: ['2011-10-12', '2012-11-12', '2015-11-11', '2013-9-12']
          credit_card_types: ['visa', 'mastercard', 'americanexpress', 'discover']

    credit_card:
           visa:
           - /4###########L/
           - /4###-####-####-###L/
           mastercard:
           - /6771-89##-####-###L/
           discover:
           - /6011-####-####-###L/
           - /65##-####-####-###L/
           - /6011-62##-####-####-###L/
           - /65##-62##-####-####-###L/
           american_express:
           - /34##-######-####L/
           - /37##-######-####L/
           diners_club:
           - /368#-######-###L/
           jcb:
           - /3528-####-####-###L/
           - /3529-####-####-###L/
           switch:
           - /6759-####-####-###L/
           - /6759-####-####-####-#L/
           - /6759-####-####-####-##L/
           solo:
           - /6767-####-####-###L/
           - /6767-####-####-####-#L/
           - /6767-####-####-####-##L/
           dankort:
           - /5019-####-####-###L/
           forbrugsforeningen:
           - /6007-22##-####-###L/
           laser:
           - /6304###########L/
           - /6706###########L/
           - /6771###########L/
           - /6709###########L/